set,RMSE,R2
train,5.671151112941698,0.6297836446277425
test,5.672053432231196,0.5612910073417245
